Douglas,Male,97308,6.945,true,Marketing
Thomas,Male,61933,4.17,true,
Maria,Female,130590,11.858,false,Finance
Jerry,Male,138705,9.34,true,Finance
Larry,Male,101004,1.389,true,Client Services
Dennis,Male,115163,10.125,false,Legal
Ruby,Female,65476,10.012,true,Product
,Female,45906,11.598,,Finance
Angela,Female,95570,18.523,true,Engineering
Frances,Female,139852,7.524,true,Business Development
Louise,Female,63241,15.132,true,
Julie,Female,102508,12.637,true,Legal
Brandon,Male,112807,17.492,true,Human Resources
Gary,Male,109831,5.831,false,Sales
Kimberly,Female,41426,14.543,true,Finance
Lillian,Female,59414,1.256,false,Product
Jeremy,Male,90370,7.369,false,Human Resources
Shawn,Male,111737,6.414,false,Product
Diana,Female,132940,19.082,false,Client Services
Donna,Female,81014,1.894,false,Product
Lois,,64714,4.934,true,Legal
Matthew,Male,100612,13.645,false,Marketing
Joshua,,90816,18.816,true,Client Services
,Male,125792,5.042,,
John,Male,97950,13.873,false,Client Services
,Male,37076,18.576,,Client Services
Craig,Male,37598,7.757,true,Marketing
Scott,,122367,5.218,false,Legal
Terry,Male,124008,13.464,true,Client Services
Benjamin,Male,79529,7.008,true,Legal
Christina,Female,118780,9.096,true,Engineering
Joyce,,88657,12.752,false,Product
,Male,122340,6.417,,
Jean,Female,119082,16.18,false,Business Development
Jerry,Male,95734,19.096,false,Client Services
Theresa,Female,85182,16.675,false,Sales
Rachel,Female,142032,12.599,false,Business Development
Linda,Female,57427,9.557,true,Client Services
Stephanie,Female,36844,5.574,true,Business Development
,Male,122173,7.797,,Client Services
Michael,Male,99283,2.665,true,Distribution
Christine,,66582,11.308,true,Business Development
Beverly,Female,121918,15.835,false,Legal
Marilyn,Female,73524,5.207,true,Marketing
Cynthia,Female,145146,7.482,true,Product
Roger,Male,88010,13.886,true,Sales
Bruce,Male,114796,6.796,false,Finance
Kathy,Female,66820,9.0,true,Client Services
Clarence,Male,93581,6.083,true,Business Development
Chris,,113590,3.055,false,Sales
Nancy,Female,94976,13.83,true,Engineering
,,41126,14.009,,Sales
Todd,Male,49339,1.695,true,Human Resources
Alan,,40341,17.578,true,Finance
Sara,Female,83677,8.999,false,Engineering
Karen,Female,102488,17.653,true,Product
Carl,Male,130276,16.084,true,Finance
Henry,Male,64715,15.107,true,Human Resources
Theresa,Female,72670,1.481,true,Engineering
Irene,Female,66851,11.279,false,Engineering
Paula,,48866,4.271,false,Distribution
Denise,Female,106862,3.699,false,Business Development
,Female,58112,19.414,,Marketing
Matthew,Male,35203,18.04,false,Human Resources
Kathleen,,77834,18.771,false,Business Development
Steve,Male,61310,12.428,true,Distribution
Nancy,Female,125250,2.672,true,Business Development
Rachel,Female,51178,9.735,true,Finance
Jose,Male,84834,14.33,true,Finance
Irene,,100863,4.382,true,Finance
Todd,,84692,6.617,false,Client Services
Johnny,Male,118172,16.194,true,Sales
Bobby,Male,54043,3.833,false,Product
Frances,Female,90582,4.709,true,Sales
Thomas,Male,62096,17.029,false,Marketing
Bonnie,Female,104897,5.118,true,Human Resources
Margaret,Female,131604,7.353,true,Distribution
Charles,Male,107391,1.26,true,Marketing
Robin,Female,114797,5.965,true,Sales
Bonnie,Female,115814,4.99,false,Product
Gerald,,137126,15.602,true,Sales
Christopher,Male,47369,14.822,false,Legal
Steven,Male,35095,8.379,true,Client Services
Shawn,Male,148115,6.539,true,Finance
Doris,Female,83072,7.511,false,Finance
Jeremy,Male,100238,3.887,true,Client Services
Annie,,103495,17.29,true,Business Development
Annie,Female,144887,8.276,true,Sales
Donna,Female,64088,6.155,true,Legal
Janice,Female,51082,11.955,false,Legal
Janice,,91719,11.583,true,Legal
James,,128771,8.309,false,
Linda,Female,119009,12.506,true,Business Development
Virginia,,111858,1.601,true,Legal
Harry,Male,130620,7.03,false,Legal
Heather,Female,43026,14.166,false,Client Services
Cynthia,Female,142321,1.737,false,Finance
Laura,,140371,10.62,true,Marketing
Tina,Female,100705,16.961,true,Marketing
Harold,Male,77544,12.447,false,Business Development
Melissa,Female,48109,14.995,false,Finance
Aaron,Male,61602,11.849,true,Marketing
Jack,Male,103902,12.159,false,Client Services
Phyllis,Female,136984,8.932,true,Finance
John,Male,80740,19.305,false,Marketing
Kathy,Female,91712,8.567,false,Finance
Paul,Male,42146,3.046,false,Legal
Steven,Male,68680,16.565,false,Legal
Russell,,133980,12.396,true,Legal
Christopher,Male,37919,11.449,false,
Shirley,Female,147113,16.135,false,Legal
Bonnie,Female,42153,8.454,true,Business Development
Willie,Male,64363,4.023,false,Marketing
Tina,Female,114767,3.711,true,Engineering
Ashley,Female,58698,6.811,true,Business Development
Pamela,Female,54585,4.166,false,Product
,Male,76189,18.988,,Legal
Steven,Male,109095,9.494,false,Finance
Andrea,Female,120204,9.557,false,Business Development
Paul,Male,41054,12.299,false,Marketing
Peter,Male,84885,15.402,false,Business Development
Kathleen,,119735,18.74,false,Product
Christina,Female,110169,13.892,true,Engineering
Helen,Female,73789,14.841,true,Product
Marilyn,Female,76078,2.401,true,Product
Patricia,Female,49368,14.226,false,Human Resources
Michelle,Female,57325,17.179,true,Human Resources
William,Male,66521,5.83,false,Human Resources
Kenneth,Male,127654,16.439,true,Client Services
Antonio,Male,60866,13.101,true,Business Development
Shirley,Female,41334,6.219,true,Human Resources
Rebecca,Female,94231,17.517,false,Product
Carlos,Male,146670,10.763,false,Human Resources
Lois,Female,106317,2.235,true,Client Services
Carolyn,Female,109260,2.65,true,Business Development
Gloria,Female,134148,8.833,true,Legal
Henry,Male,43542,19.687,false,Legal
Adam,Male,95327,15.12,false,Distribution
Ashley,Female,112238,6.03,true,Engineering
,Female,132373,10.527,,
Shirley,Female,113850,1.854,false,Marketing
Adam,Male,110194,14.727,true,Product
Elizabeth,Female,146129,5.687,false,Finance
Teresa,,140013,8.689,true,Engineering
Nicole,,122717,12.452,false,Sales
Jennifer,Female,71715,13.079,true,Client Services
Patricia,Female,95322,4.15,false,Product
Philip,Male,89227,3.996,false,Legal
Patrick,,124488,14.837,true,Sales
,Female,86230,8.578,,Distribution
Sean,Male,135490,19.934,false,Marketing
Brandon,,121333,15.295,false,Business Development
Ruth,Female,129297,8.067,true,Client Services
Victor,,84546,10.489,true,Finance
Rebecca,Female,85730,5.359,true,Product
Marie,Female,104058,17.695,true,Business Development
Howard,Male,105062,1.563,false,Human Resources
,Female,79536,14.443,,Product
Norma,Female,114412,8.756,true,Marketing
James,,68501,14.316,false,Marketing
Kathy,Female,149563,16.991,true,Finance
Marilyn,,103386,11.451,false,Distribution
Arthur,Male,89786,14.422,true,Legal
Terry,Male,52226,19.135,false,Client Services
Mary,Female,134645,18.197,false,Business Development
,Female,59148,9.061,,Legal
,Female,42341,7.014,,Sales
Christopher,Male,142178,17.984,true,Sales
Peter,,38989,7.017,true,Marketing
Michelle,Female,53754,5.455,true,Product
Irene,Female,133772,19.02,true,Sales
Patrick,Male,143499,17.495,true,Engineering
Sara,Female,97058,9.402,false,Finance
Lillian,Female,85446,3.959,true,Engineering
,,40297,6.185,,Client Services
Willie,Male,146651,1.451,true,Engineering
Victor,Male,124486,10.166,false,Product
Wayne,Male,102652,14.085,true,Distribution
Jane,Female,144474,17.648,false,Product
Jessica,Female,68759,19.343,true,Finance
Mark,Male,57286,5.025,true,Business Development
Randy,Male,58129,1.952,true,Distribution
Lillian,Female,123940,12.184,true,Business Development
Ruth,,98233,2.518,true,Distribution
Jerry,Male,140810,9.177,true,Client Services
Sandra,Female,42090,8.842,true,Legal
,Female,149654,1.825,,Sales
Roger,Male,51430,6.46,false,Marketing
Charles,Male,71749,15.931,false,Legal
Clarence,Male,85700,1.215,false,Sales
Carol,Female,57783,9.129,false,Finance
Lois,Female,36946,6.652,false,Engineering
Barbara,,99326,16.475,true,Legal
Rebecca,Female,109259,4.443,true,Legal
Irene,Female,131038,8.996,false,Distribution
Ronald,Male,121068,12.757,true,Product
Steven,Male,62719,19.127,false,Client Services
Carolyn,Female,69268,3.031,false,Client Services
Maria,Female,36067,9.64,true,Product
Jonathan,Male,130581,16.736,true,
Gary,Male,89661,8.525,false,Finance
Kimberly,Female,36643,7.953,false,Marketing
Roger,Male,140558,5.084,true,Sales
Diana,Female,103521,2.784,true,Business Development
Willie,Male,55281,4.935,true,Marketing
Brandon,Male,115711,8.012,true,Finance
Patricia,Female,114079,8.399,true,Client Services
Katherine,Female,57531,1.767,false,Client Services
Jonathan,Male,141069,4.903,false,Human Resources
Emily,Female,89434,11.295,false,Engineering
Ruth,Female,44639,9.148,true,Legal
Linda,Female,110967,19.612,true,Human Resources
Lisa,Female,115387,1.821,false,Client Services
Evelyn,Female,81673,15.364,true,Engineering
Julie,Female,109588,3.55,false,Engineering
Mary,Female,92544,3.8,false,Client Services
Matthew,Male,142373,2.462,false,Marketing
Douglas,Male,83341,1.015,true,Client Services
Gregory,,98865,10.628,true,Finance
Billy,Male,120444,7.768,true,Finance
,Female,71945,5.56,,Marketing
Gregory,Male,109564,3.845,false,Legal
Jason,Male,78417,3.067,false,Finance
Daniel,Male,106947,15.866,true,Legal
Sarah,Female,87298,2.311,false,Distribution
Harry,Male,64579,15.266,true,Sales
Kathy,Female,50905,9.404,true,Finance
Todd,Male,59728,11.226,true,Client Services
Bobby,Male,51685,17.445,true,Engineering
Jeremy,Male,49542,1.679,true,Distribution
George,,38375,8.999,false,Legal
Diane,Female,64084,17.018,false,Product
Marilyn,Female,147663,10.263,false,Human Resources
Kathryn,Female,73935,14.752,false,Sales
Irene,Female,40837,12.182,true,Client Services
Norma,Female,94393,3.643,true,Engineering
Laura,Female,42087,2.624,false,Product
Cheryl,Female,52080,9.375,false,Legal
Kevin,Male,35061,5.128,false,Legal
Lillian,,64164,17.612,false,Human Resources
Phyllis,,94088,19.107,false,Distribution
Walter,Male,127813,5.961,false,Finance
Robert,Male,38041,18.428,true,Engineering
Jimmy,Male,126310,5.413,true,Product
Clarence,Male,142561,8.866,false,Client Services
Victor,Male,70817,17.138,false,Engineering
Fred,,59937,12.045,true,Human Resources
Brenda,,106115,3.742,true,Product
Justin,Male,82782,4.366,true,Distribution
Betty,Female,104896,19.55,true,Business Development
Randy,,133943,8.94,true,Sales
Sharon,,83658,6.513,false,Business Development
Ralph,Male,71896,4.232,true,Marketing
,,113732,10.391,,Sales
Edward,Male,110485,7.995,false,Client Services
Denise,Female,115118,5.108,false,Human Resources
Debra,Female,48696,4.75,false,Legal
,Male,42676,15.517,,Sales
Michael,Male,43586,12.659,false,
Henry,Male,89258,15.585,true,Human Resources
Gloria,Female,90730,2.491,false,Distribution
Marie,Female,100308,13.677,false,Product
Anne,Female,69134,3.723,true,Engineering
Sarah,,58295,14.603,true,Engineering
Stephanie,Female,50141,13.218,true,Human Resources
Roy,Male,101941,3.45,false,Client Services
,Female,115145,14.063,,Distribution
,Male,40451,16.044,,Distribution
Irene,Female,56526,5.81,true,Finance
,Female,145316,18.517,,Human Resources
Thomas,Male,103235,9.554,true,Human Resources
Frank,,58563,12.062,true,Marketing
Fred,Male,74129,18.225,false,Product
Nicholas,Male,74669,1.113,true,Product
Howard,Male,97490,5.46,true,Marketing
Debra,Female,104250,18.456,true,Business Development
Christine,Female,94345,11.996,false,Finance
Brenda,,82439,19.062,false,Sales
Betty,Female,51613,12.984,false,Distribution
Ruby,Female,105946,1.139,false,Business Development
Kevin,Male,46080,9.635,false,Business Development
Arthur,Male,134610,6.147,true,Human Resources
Carl,,125104,12.345,false,Client Services
Todd,Male,107281,1.612,true,Engineering
Brenda,Female,141521,4.337,false,Client Services
Judy,Female,65931,2.304,false,Human Resources
Todd,Male,69989,10.985,true,Finance
Lois,Female,147183,9.999,true,Client Services
Walter,,66757,18.099,false,Distribution
Jessica,Female,75145,6.388,true,Legal
Jeremy,Male,129460,13.657,true,
Tammy,Female,132839,17.463,true,Client Services
Anne,Female,44537,18.284,true,Client Services
Jesse,Male,118733,9.653,false,Marketing
Virginia,Female,46905,19.154,false,Distribution
Jesse,Male,79582,3.873,false,Legal
Jeremy,,55394,3.18,true,Sales
Daniel,Male,123811,7.664,true,Human Resources
Patrick,,137314,4.542,true,Marketing
Emily,Female,36711,19.028,true,Human Resources
Alan,Male,111786,3.592,true,Engineering
James,Male,72257,13.023,false,Engineering
Adam,Male,71276,5.027,true,Human Resources
Joan,,38712,3.657,false,Client Services
Jeremy,Male,46930,18.702,true,Finance
Margaret,Female,125220,3.733,false,Marketing
Mark,Male,121477,17.44,true,Business Development
Marilyn,Female,86386,2.937,false,Distribution
Cheryl,Female,81308,2.196,true,Legal
Benjamin,Male,84810,15.794,false,Marketing
Harold,Male,66775,2.158,true,Legal
Ernest,,72145,13.448,true,Finance
Gerald,Male,121604,1.923,true,Sales
Judy,Female,109510,13.457,true,Legal
Bobby,Male,112117,6.338,false,
Bobby,,108127,15.858,false,Client Services
Marie,Female,123711,10.966,false,Product
Kathy,Female,132381,8.34,false,Business Development
Roy,Male,148225,1.841,false,Finance
Jacqueline,Female,145988,18.243,false,Marketing
,Female,62960,14.356,,Sales
Julie,Female,56926,7.507,false,Sales
Douglas,Male,41428,14.372,false,Product
Linda,Female,115658,3.041,true,Sales
Ruby,Female,76707,6.031,false,Business Development
Russell,Male,60388,17.885,false,Client Services
Jeffrey,Male,45150,12.075,true,Product
Aaron,Male,58755,5.097,true,Marketing
Samuel,Male,76076,5.319,true,Finance
,Male,87760,14.987,,Engineering
Randy,Male,135119,7.887,false,Client Services
Evelyn,Female,36759,17.269,true,Marketing
Fred,Male,121723,18.645,true,Product
Shirley,Female,110061,7.494,false,Client Services
Todd,Male,85074,1.844,false,Client Services
Robert,Male,85799,19.93,false,Finance
Mark,Male,75150,12.182,true,Legal
Earl,Male,91344,4.035,true,Sales
Richard,Male,86326,10.717,false,Product
Michael,Male,98753,16.443,true,Human Resources
Steven,Male,113060,2.846,true,Sales
Carlos,Male,77327,11.58,true,Finance
Marie,Female,62666,10.247,false,Product
Ronald,Male,96633,4.99,true,Engineering
Scott,Male,58248,3.914,false,Business Development
Steven,Male,83706,6.96,true,Human Resources
James,Male,74086,5.778,true,Human Resources
Lori,Female,95389,14.223,false,Sales
Philip,Male,129968,19.897,false,Finance
Phyllis,Female,140347,8.723,false,Sales
Thomas,,41549,3.95,false,Sales
Cynthia,Female,74287,10.751,false,Sales
,Male,69906,4.844,,Engineering
,Male,65078,3.095,,Marketing
Elizabeth,Female,106406,1.782,true,Legal
Andrea,Female,115913,12.121,false,Legal
Judy,Female,38092,5.668,false,Distribution
Russell,Male,121160,7.843,false,Engineering
Scott,Male,90429,4.45,false,Product
Sarah,Female,64207,7.824,true,Client Services
Susan,Female,80688,18.892,true,Sales
Margaret,Female,55044,4.078,false,Sales
Joshua,Male,72893,9.555,false,Distribution
Justin,,96978,13.865,false,Finance
Juan,Male,97364,3.595,false,Product
Gloria,,140885,1.113,false,Human Resources
Jennifer,,58520,16.231,true,Client Services
Edward,Male,66067,10.957,true,
Marilyn,Female,147183,8.748,false,Business Development
Mary,Female,87721,12.484,false,Product
Linda,Female,144001,2.194,false,Business Development
Larry,Male,91133,5.14,false,Sales
Albert,Male,67827,19.717,true,Engineering
Kenneth,Male,81839,12.072,false,Sales
,Female,81444,3.171,,Distribution
Gregory,,137661,4.805,true,Sales
Brandon,Male,112548,4.664,false,Engineering
Stephen,Male,111249,10.574,true,Human Resources
Russell,Male,114334,9.669,false,Product
,Female,118906,4.537,,Marketing
Pamela,,72979,5.66,false,Sales
Scott,Male,64172,10.894,true,Engineering
,Female,107024,12.182,,
Carlos,Male,50167,2.362,false,Product
Jack,Male,106995,15.723,false,Product
Debra,Female,70492,8.895,false,Client Services
Phyllis,Female,125881,16.697,false,Sales
Robert,Male,123294,19.894,false,Client Services
Gloria,Female,131045,11.312,true,Product
Sharon,,97635,10.413,true,Client Services
Barbara,,94493,13.443,true,Sales
Marilyn,Female,140502,9.989,true,Sales
Ralph,Male,106310,4.03,true,Client Services
Harry,,46240,6.976,true,Engineering
Robin,Female,111163,5.025,true,Product
Kathy,Female,93753,7.094,true,Sales
Rose,Female,63494,19.385,true,Human Resources
Clarence,Male,116693,13.835,true,Distribution
Doris,Female,85215,7.425,true,Human Resources
Kathryn,Female,86439,7.799,false,Finance
Billy,,62913,18.241,true,Marketing
Norma,Female,38872,9.302,true,Business Development
Richard,,124655,14.272,true,Engineering
Craig,Male,113506,19.642,false,Marketing
Sarah,,109980,8.86,false,Sales
Sharon,Female,91522,7.564,false,Finance
Mary,Female,42214,17.538,true,Business Development
Steve,,83159,9.55,true,Distribution
Joe,Male,144082,1.62,true,Client Services
Jeremy,Male,47885,19.276,true,Human Resources
Ernest,Male,126232,6.191,true,Sales
Kevin,Male,134598,11.699,false,Business Development
Jacqueline,Female,66604,14.609,false,Legal
Johnny,Male,115194,5.861,true,Marketing
Gary,Male,49101,11.9,true,Business Development
Shirley,,67811,12.699,false,Finance
,Male,111043,5.966,,Distribution
Sarah,,37748,9.047,false,Human Resources
Julia,Female,36403,2.664,true,Finance
Dorothy,Female,140136,3.12,true,Business Development
Justin,Male,121508,19.334,true,Finance
Kevin,Male,79906,18.021,true,Sales
Victor,Male,123144,16.261,true,Product
Deborah,Female,46953,17.436,false,Client Services
Matthew,,79443,14.637,false,Human Resources
Alice,Female,51395,2.378,true,Finance
Todd,Male,134408,3.56,true,Human Resources
Frank,Male,71853,8.037,true,Sales
Christopher,Male,68028,7.869,true,Finance
Rose,Female,149903,5.63,false,Human Resources
Andrea,Female,79123,19.422,false,Distribution
Charles,Male,104014,7.077,false,Legal
Jessica,,121160,12.993,false,Client Services
Wanda,Female,65362,7.132,true,Legal
Joyce,Female,50701,14.227,true,
Billy,Male,144709,10.069,true,Distribution
Kathryn,Female,53061,11.864,true,Finance
Denise,Female,36697,11.196,true,Sales
Jason,Male,69244,6.22,true,
Nicholas,Male,101036,2.826,true,Human Resources
Aaron,Male,52119,11.343,true,Client Services
Louise,Female,46666,1.886,true,Business Development
Julie,Female,73437,2.518,true,Finance
Kathy,Female,86318,18.492,true,Sales
,Male,76409,7.008,,Distribution
Chris,Male,71642,1.496,false,
Cheryl,Female,67150,15.85,true,Marketing
Gregory,Male,142208,11.204,true,Engineering
Wayne,Male,81183,17.066,false,Client Services
Beverly,Female,107163,3.665,true,Human Resources
Willie,Male,55038,19.691,false,Legal
Terry,,140002,19.49,true,Marketing
Scott,Male,146812,1.965,true,Marketing
Annie,Female,40119,4.338,true,Human Resources
,Male,136602,10.429,,Marketing
Ruth,Female,69579,18.029,true,Human Resources
Deborah,,101457,6.662,false,Engineering
Patricia,Female,121232,16.624,false,Legal
Albert,Male,102626,15.843,false,Finance
Charles,,137171,5.574,true,Marketing
Tina,Female,88276,14.248,false,Legal
Jeremy,Male,43354,13.946,false,Marketing
Craig,Male,125556,7.996,false,Engineering
Jose,Male,59862,3.269,false,Product
Lawrence,Male,74640,18.641,false,Marketing
Helen,Female,52875,4.188,false,Legal
Walter,Male,58789,5.461,false,Sales
Amy,Female,122897,8.222,true,Engineering
Janice,Female,136032,10.696,true,Marketing
Stephen,Male,141958,9.078,true,Legal
Ryan,Male,139917,11.466,false,Distribution
Sharon,Female,147635,14.693,false,Human Resources
Joshua,Male,68230,8.047,false,Client Services
Clarence,Male,124365,8.457,false,Business Development
Jonathan,Male,104749,11.364,false,Engineering
Stephanie,Female,122121,7.937,true,Engineering
Kathy,Female,143541,8.461,false,Human Resources
Albert,Male,137840,9.705,false,Business Development
Michael,Male,73354,18.357,false,Business Development
Richard,Male,47647,18.787,true,
Amy,Female,106249,15.967,false,Sales
,Female,93847,1.085,,Business Development
Beverly,,104815,3.38,false,Product
,Female,115436,3.099,,Human Resources
Joe,Male,50645,11.119,false,Marketing
Ashley,Female,142415,1.985,true,Finance
Howard,Male,37984,2.021,false,Distribution
Cheryl,Female,71751,15.918,false,Business Development
Robert,Male,135882,19.944,false,Legal
Sharon,Female,46007,19.731,true,Client Services
Judith,Female,117055,7.461,false,Marketing
Nicholas,,58478,6.525,true,Distribution
Jerry,Male,121357,18.845,false,Business Development
Craig,Male,44857,13.266,false,Finance
Barbara,Female,47322,7.25,true,Sales
Eugene,Male,81077,2.117,false,Sales
Johnny,Male,76394,5.437,true,Marketing
Benjamin,Male,114356,7.123,false,Client Services
Diana,Female,41831,4.548,false,Business Development
Barbara,,90187,14.764,true,Distribution
Christine,Female,72613,11.126,false,Legal
Sean,Male,42748,9.765,false,Distribution
Sarah,Female,37259,1.763,false,Client Services
Roger,Male,125033,4.887,true,Marketing
,Female,38275,10.494,,Distribution
,Male,71520,13.248,,Engineering
Donald,Male,106472,6.499,true,Client Services
Clarence,Male,103684,18.654,true,Engineering
Scott,Male,96111,15.592,false,Human Resources
Ann,Female,90719,6.22,false,Business Development
Frank,Male,140303,17.07,false,Legal
Joe,Male,62161,8.13,true,Business Development
Wanda,Female,78883,19.695,false,
Jimmy,Male,63549,19.624,false,
Amy,,63888,18.115,true,Product
Larry,Male,97370,10.458,false,Sales
Gloria,Female,66224,15.979,true,Legal
Ruth,Female,97915,3.997,true,Human Resources
Diana,Female,86883,18.003,true,Product
Raymond,Male,37812,3.178,false,Human Resources
Peter,Male,56580,8.411,true,
,,83895,17.971,,Engineering
Catherine,Female,58047,14.858,true,Distribution
Diane,Female,124889,15.026,true,Sales
Peter,,118840,14.509,true,Client Services
Steve,Male,67780,9.54,true,Human Resources
Barbara,Female,144677,8.696,false,Finance
Helen,,45724,1.022,false,Product
Jimmy,,86676,7.175,true,Product
Christopher,Male,82401,7.252,false,Client Services
Kathleen,Female,35575,14.595,false,Distribution
Virginia,Female,123649,10.154,true,Marketing
Lisa,Female,38078,10.28,true,Product
Earl,Male,52620,13.773,false,Product
Gerald,,133366,12.292,false,Legal
Louise,Female,91462,8.205,false,Marketing
Clarence,Male,146589,4.905,true,Business Development
Cynthia,Female,51633,13.472,true,Business Development
Adam,Male,45181,3.491,false,Human Resources
Justin,Male,62454,3.459,true,Sales
,Female,84746,4.82,,Finance
Ruby,Female,147362,7.851,true,Engineering
Amanda,Female,80803,14.077,true,Distribution
Anna,Female,117293,2.366,false,Client Services
Roger,Male,105689,13.32,true,Marketing
Julie,,93302,9.048,true,Product
Joseph,Male,102555,3.672,true,Product
Evelyn,Female,51525,10.366,false,Finance
Janice,Female,41190,3.311,true,Sales
Sara,Female,75484,3.186,false,Finance
Gregory,Male,82726,16.304,true,Marketing
Philip,Male,122319,19.122,false,Engineering
Barbara,Female,127297,11.905,true,Product
Amanda,Female,109290,13.853,false,Engineering
Phyllis,,99150,6.007,false,Client Services
Anne,Female,71930,18.451,true,Product
Arthur,Male,66819,6.639,true,Marketing
Jane,Female,42424,18.115,false,Distribution
Linda,Female,51431,13.295,false,Engineering
Ashley,Female,120675,6.51,false,Human Resources
Shawn,Male,96610,2.097,true,Client Services
Kathleen,Female,71430,8.572,false,Engineering
Sara,,87713,18.863,true,Legal
Randy,Male,86723,14.842,false,Engineering
Andrew,Male,43414,7.563,true,Client Services
Marilyn,Female,87145,17.33,false,Human Resources
Johnny,Male,91124,12.986,true,Distribution
,Female,48141,12.605,,
Susan,Female,90829,19.142,false,Marketing
Ruby,Female,101262,6.773,false,Client Services
Kelly,Female,41427,1.431,false,Product
Jonathan,Male,56993,18.623,false,Marketing
Raymond,Male,114244,16.69,false,Human Resources
Kimberly,Female,81800,5.435,true,
,Female,118736,7.421,,Client Services
John,Male,66077,5.809,true,Product
Michael,Male,35013,14.879,false,Product
Jerry,Male,98393,11.393,false,Client Services
Amanda,Female,107111,1.438,true,Product
Harold,Male,65673,1.187,true,Legal
Harry,Male,65482,18.089,false,
Ernest,Male,81919,15.118,false,Marketing
Harry,Male,59277,10.2,false,Finance
Diane,Female,49501,13.506,false,Business Development
Jack,Male,70367,18.266,true,Legal
Shirley,Female,132156,2.754,false,Marketing
Rose,Female,56961,7.585,false,Marketing
Cheryl,Female,98841,8.945,true,Client Services
Cynthia,Female,78226,2.419,false,Human Resources
Sandra,Female,116931,9.657,true,Human Resources
Andrea,Female,87575,13.346,true,Business Development
Rachel,Female,110924,7.808,false,Distribution
Justin,Male,78351,15.221,false,Sales
Marie,Female,125574,4.644,false,Sales
Louis,Male,95198,2.075,false,Business Development
Nancy,Female,121006,3.512,true,Finance
Mark,Male,95728,6.752,true,Business Development
Teresa,Female,69740,8.294,false,Distribution
Frances,Female,91996,11.506,false,Product
,Female,98385,10.925,,Human Resources
Barbara,,90556,15.749,true,Distribution
Christine,,50366,9.862,true,Marketing
Bobby,,84232,15.704,true,Engineering
Carl,,100888,12.49,true,Business Development
Bruce,Male,141335,15.427,true,Engineering
Rose,Female,97691,2.142,false,Client Services
Mildred,Female,47266,10.256,false,Client Services
,Male,139754,12.74,,Sales
,Female,116236,17.274,,Engineering
Todd,Male,103405,15.91,false,Sales
Alan,Male,41453,10.084,false,Product
Elizabeth,,52730,12.525,false,Marketing
Julie,,60361,7.099,true,Distribution
Teresa,,63103,11.378,false,Finance
Eric,Male,65168,11.513,false,Distribution
Edward,Male,73105,6.083,true,Engineering
Kimberly,Female,37916,12.929,true,Distribution
Kathy,Female,45682,1.451,true,Marketing
Peter,Male,69297,1.268,false,Finance
Beverly,Female,59070,19.064,true,Engineering
Ralph,Male,81215,8.4,false,Finance
Justin,Male,128036,18.824,false,Client Services
Irene,Female,89780,8.999,true,Sales
Irene,Female,125018,9.601,true,Legal
Jeremy,Male,133033,12.2,false,Sales
Cynthia,Female,82408,8.701,true,Marketing
,Female,131755,2.93,,
Anne,Female,128305,16.636,false,Marketing
,,147309,1.702,,Distribution
Debra,Female,74911,19.513,false,Marketing
Michael,Male,47079,2.617,false,Legal
Jason,,82873,1.869,false,Client Services
Rebecca,Female,134673,6.878,false,Engineering
Andrea,Female,123591,6.5,true,Engineering
Carl,Male,75598,19.289,false,
Randy,Male,89831,13.047,true,
Marilyn,Female,92430,2.924,false,Engineering
Wayne,Male,126956,18.396,false,Human Resources
Frances,Female,112467,1.433,false,Business Development
Amanda,,46665,19.391,true,Client Services
Kathleen,Female,42553,3.756,true,Distribution
Amanda,Female,102081,5.203,false,Sales
Amanda,,135118,15.108,false,Finance
Shawn,Male,71975,9.77,false,Human Resources
Katherine,Female,149908,18.912,false,Finance
Anna,,45418,10.162,false,Marketing
Elizabeth,Female,79145,19.78,false,Finance
Donald,Male,122920,5.32,false,
Gregory,Male,128031,15.857,true,Business Development
Ruth,Female,59969,14.064,true,Finance
Cynthia,Female,35381,11.749,false,Finance
Deborah,Female,113129,17.371,false,Client Services
Willie,Male,141932,1.017,true,Engineering
Debra,Female,42296,16.922,false,Product
Carl,Male,63395,11.411,false,Legal
Walter,Male,125382,13.613,true,Client Services
Lisa,Female,113592,17.108,true,Marketing
Rebecca,Female,46750,11.367,true,Sales
Jessica,Female,90285,13.591,true,Client Services
Steve,,53692,4.785,true,Marketing
Mary,,100341,6.662,false,Distribution
Craig,Male,123876,4.225,false,Engineering
Katherine,Female,41643,4.659,true,Distribution
Andrea,Female,113760,12.866,true,Distribution
Timothy,Male,49473,12.463,false,Legal
Anthony,Male,146141,3.645,true,Distribution
Harold,,79459,7.776,true,Business Development
Douglas,,104496,14.771,true,Marketing
James,Male,67789,17.105,true,Legal
Joseph,,86564,11.879,true,
Martha,Female,135758,14.782,true,Client Services
Laura,Female,84672,3.96,false,Distribution
Robert,Male,111580,10.982,false,Human Resources
Ralph,Male,50455,16.248,false,Business Development
,Male,88733,1.932,,Human Resources
Diane,Female,130577,12.791,false,Marketing
Annie,Female,138925,9.801,true,Marketing
Jacqueline,Female,62371,15.77,true,Client Services
Brenda,Female,87715,2.675,false,Product
Lori,Female,66029,3.345,true,Client Services
Albert,Male,86818,14.301,true,Engineering
Frank,Male,75147,17.398,false,Product
Deborah,Female,105573,5.268,true,Product
Robin,,41230,6.611,true,Distribution
Alice,Female,117787,10.485,false,
,Male,88086,19.387,,Finance
Paul,,91462,18.704,false,Finance
,Male,139959,8.992,,Distribution
Brian,Male,93901,17.821,true,Legal
Julie,,50529,17.263,false,Finance
Bruce,Male,134988,13.926,true,Sales
Joan,Female,120941,3.694,true,Finance
Harold,Male,118753,8.162,false,Sales
Alice,Female,92799,2.782,false,Sales
Barbara,Female,85718,13.326,false,Client Services
Sarah,Female,109517,5.146,false,Human Resources
Samuel,Male,85550,11.593,true,Marketing
,Male,136655,9.801,,Distribution
Barbara,,43312,8.218,true,Legal
Amy,,102839,10.385,true,Distribution
Frank,Male,78891,7.927,true,Distribution
Robin,,93201,11.712,true,Legal
Debra,Female,84693,6.976,true,Finance
Brandon,,73587,9.769,true,Human Resources
Thomas,Male,65251,11.211,false,Distribution
Harry,Male,129148,15.193,true,Engineering
Todd,Male,128175,18.473,true,
Patricia,Female,75825,7.839,false,Engineering
Steve,Male,51821,1.197,true,Legal
,Male,60411,12.048,,Human Resources
Edward,Male,58327,17.095,true,Finance
Karen,Female,46478,16.552,false,Engineering
Martin,,123963,15.745,true,Engineering
Ann,Female,79796,9.851,false,Distribution
Jonathan,Male,83809,12.922,false,Distribution
Peter,Male,77933,13.132,true,Engineering
Eric,Male,51070,13.806,true,Business Development
Jason,,97480,11.518,false,Human Resources
Terry,Male,58357,7.969,false,Engineering
John,Male,67165,13.001,false,Engineering
Marie,Female,145988,18.685,true,Human Resources
Harold,Male,147417,11.626,true,Business Development
Joshua,Male,95003,5.197,true,Marketing
Brandon,,144187,11.416,true,Legal
Andrea,Female,37888,13.47,false,Engineering
Jeremy,Male,131513,1.876,true,Finance
Daniel,Male,77287,13.0,true,
Roy,Male,46875,12.942,true,Sales
Dorothy,Female,82744,19.111,true,Client Services
Steven,Male,43252,18.892,false,Client Services
Nicole,Female,66047,18.674,true,Marketing
Ann,Female,118431,12.772,true,Finance
Henry,Male,59943,1.432,false,Finance
,Male,136681,3.655,,Business Development
,Female,138807,1.4,,Human Resources
Barbara,Female,82884,6.837,true,Business Development
Judy,Female,48668,11.716,true,Product
Lawrence,Male,122971,14.618,false,Product
Joseph,Male,107050,12.737,false,Business Development
Carlos,Male,138598,14.737,false,Sales
Russell,,149456,3.533,false,Marketing
Jane,Female,128540,15.941,false,Legal
Martin,Male,61117,2.844,false,Client Services
Steven,Male,100949,13.813,true,Human Resources
Judy,,46829,5.19,true,Finance
James,Male,69111,14.625,true,Business Development
Gloria,Female,46602,1.027,true,Business Development
Ernest,Male,61181,16.559,false,Business Development
Martha,Female,94963,19.626,true,Business Development
Janet,,85789,9.712,false,Legal
Louis,,145274,16.379,false,Product
Tina,Female,102841,3.369,false,Client Services
Henry,Male,49665,18.338,false,Business Development
Antonio,Male,41928,5.478,true,
Lisa,Female,128042,2.03,true,Legal
Denise,Female,86150,3.997,false,Client Services
Stephen,Male,121816,10.615,true,Distribution
Benjamin,Male,123409,7.783,false,Product
Carl,,98295,7.617,true,Legal
Ruth,Female,59678,10.895,false,Distribution
Shawn,Male,57871,4.02,true,Human Resources
Jennifer,Female,132084,10.006,true,Engineering
Terry,Male,35633,3.947,true,Distribution
Jacqueline,Female,125298,3.019,true,Legal
Roger,Male,115582,15.343,true,Sales
Alice,,148339,11.479,true,Finance
Justin,Male,112975,9.699,false,Human Resources
Janet,Female,36927,18.769,false,Client Services
Robin,Female,70248,9.66,true,Sales
Samuel,,141305,9.849,true,Marketing
Katherine,Female,72002,13.178,true,Product
Peter,Male,102577,12.026,true,Product
Lillian,Female,113554,18.018,true,Business Development
,Male,47176,10.736,,Finance
,Female,106428,10.867,,
Rose,Female,75181,6.06,true,Finance
Bobby,Male,79047,18.784,false,Human Resources
Kimberly,Female,52970,4.513,false,Sales
Antonio,Male,137979,5.266,false,Distribution
Doris,Female,114360,17.799,true,Business Development
Steven,Male,110306,16.843,true,Human Resources
Lawrence,Male,46378,9.127,false,
,Male,74104,17.68,,Client Services
,,132505,13.592,,Product
Stephanie,Female,96649,3.453,false,Sales
,Female,57811,8.941,,Marketing
Sandra,Female,111468,2.58,true,Product
Kevin,Male,141498,4.135,true,Sales
Michelle,,124441,16.353,false,Business Development
Lisa,Female,40121,6.293,false,Product
Fred,Male,129712,11.058,false,Finance
Joseph,Male,126010,19.601,false,Legal
Anne,,122762,9.564,false,Distribution
Andrea,Female,149105,13.707,true,Distribution
Nicole,Female,44021,10.286,false,
Theresa,,42025,3.319,true,Human Resources
Catherine,Female,59970,12.801,false,Client Services
Rose,Female,145001,19.85,false,Engineering
Lawrence,Male,102589,17.952,true,Marketing
Raymond,Male,47529,2.712,true,Product
Clarence,Male,148941,11.517,false,Product
Ryan,Male,91109,17.499,true,Human Resources
Jane,Female,51923,13.623,false,Business Development
Lois,Female,53954,19.075,false,Product
Shawn,Male,39335,10.664,false,Distribution
Thomas,Male,111371,15.081,true,Engineering
Kathryn,Female,86676,6.081,false,Sales
Mary,Female,115057,2.089,false,Finance
Julie,Female,145357,3.459,false,Engineering
George,Male,36749,19.754,false,Finance
Ralph,Male,89854,7.227,false,Business Development
Judith,Female,134048,6.818,true,Marketing
,Male,141311,5.478,,Product
Evelyn,Female,123621,19.767,true,Marketing
Rachel,Female,54941,3.221,true,Distribution
Maria,,106562,4.0,false,Human Resources
Kelly,Female,39371,4.068,false,Engineering
Ruby,Female,83112,4.083,false,Marketing
Ann,Female,96941,10.048,true,Distribution
Kenneth,Male,47232,17.862,true,Legal
William,Male,54058,5.182,true,Human Resources
,Female,80399,12.254,,Distribution
Deborah,Female,118043,7.266,true,Business Development
,Male,109411,9.494,,Engineering
Julia,Female,97566,2.147,false,Marketing
Robert,,69267,5.89,true,Sales
,,87103,5.665,,
Jesse,,98811,7.487,false,Legal
Cynthia,Female,149684,7.864,false,Product
Johnny,Male,71383,2.097,true,Human Resources
Michael,Male,81206,19.908,true,Distribution
Kenneth,Male,69112,7.588,true,Finance
Keith,Male,120672,19.467,false,Legal
Gerald,Male,96511,9.331,false,Human Resources
Carl,,49325,2.071,true,Business Development
Douglas,Male,132175,2.28,false,Engineering
Carolyn,Female,118037,13.492,false,Finance
Joseph,Male,139570,15.804,true,Finance
Billy,Male,115280,9.153,false,Distribution
Joyce,Female,51065,16.807,false,Human Resources
Lillian,Female,103854,4.924,true,Distribution
Ruby,Female,48354,19.501,false,Business Development
Sandra,Female,132327,19.264,false,Product
Louise,Female,106362,8.965,false,Sales
Maria,,148857,8.738,false,Legal
Brenda,Female,131131,11.682,false,Client Services
Stephen,Male,129663,15.574,false,Human Resources
Nicole,,41449,4.707,false,Finance
Bobby,Male,93368,2.88,true,Product
Ernest,Male,53335,9.192,false,Product
Charles,Male,148291,6.002,false,
Bobby,Male,147842,16.158,true,
Diana,Female,105066,17.343,true,Business Development
Mildred,Female,139284,11.39,true,
Harry,Male,63046,10.411,false,Finance
Phillip,,89700,2.277,true,
Bonnie,,108946,12.211,false,Finance
Marie,Female,98406,7.943,true,Product
Sean,Male,108581,9.634,false,Human Resources
Robin,Female,41808,19.239,false,Business Development
Phillip,Male,36837,14.66,false,Marketing
Jerry,Male,140850,18.855,false,Finance
Ronald,Male,50426,18.536,true,Sales
Phillip,Male,134120,6.842,false,Human Resources
Ryan,Male,57292,6.01,false,
Karen,Female,80633,16.306,false,Legal
Bonnie,Female,131943,14.249,false,Client Services
Earl,Male,48046,7.737,false,Marketing
Katherine,Female,97443,13.657,false,Product
Matthew,Male,135352,7.986,true,Business Development
Cynthia,,107816,18.751,false,Marketing
Gerald,Male,96329,2.469,true,Engineering
Brenda,Female,73749,19.332,false,Business Development
Jason,Male,75607,4.299,true,Sales
Melissa,Female,98858,3.525,true,Human Resources
Beverly,Female,76485,9.212,true,Engineering
Terry,,41238,8.219,false,Marketing
,Male,114896,13.823,,Client Services
Jacqueline,Female,125418,8.064,false,Distribution
Amy,Female,75415,19.132,false,Client Services
Robert,,90998,8.382,false,Finance
Ruby,Female,142868,6.318,false,Marketing
Sara,,135990,14.344,true,Distribution
Kathryn,Female,57300,18.015,false,Marketing
Lisa,Female,73706,18.53,false,Finance
Juan,Male,85871,9.16,false,Product
Anthony,Male,96795,14.837,false,Sales
David,Male,92242,15.407,false,Legal
Marilyn,Female,115149,11.934,true,Legal
Margaret,Female,126924,1.552,true,Finance
,Male,145329,7.1,,Finance
Timothy,Male,92587,8.475,false,Finance
Brandon,Male,60263,2.709,false,Sales
Frank,Male,91406,5.681,true,Business Development
Betty,Female,37005,7.645,true,Marketing
Janice,,139791,16.968,false,Business Development
Victor,Male,45267,3.942,true,Sales
Kenneth,,95296,10.146,false,Finance
Jane,Female,59680,15.211,true,Business Development
Walter,Male,144701,16.323,true,Marketing
Christina,Female,35477,18.178,false,Human Resources
Patricia,Female,119266,6.911,false,Distribution
,Male,103877,6.322,,Distribution
Heather,Female,47605,14.955,true,Human Resources
Stephanie,Female,136604,6.16,true,Human Resources
Alice,Female,121250,4.363,true,Finance
Frances,Female,35884,17.667,false,Sales
Elizabeth,Female,137144,10.081,false,Finance
Janice,Female,102697,3.283,false,Engineering
Donald,Male,61999,6.466,false,Product
Melissa,Female,45223,8.879,true,Legal
Carl,Male,54033,15.528,true,Business Development
Joe,Male,126120,1.02,false,
Lois,Female,99747,6.168,false,Marketing
Ann,Female,71958,5.272,true,Distribution
Todd,Male,115566,6.716,true,Client Services
Marilyn,Female,118369,7.696,true,Business Development
Shawn,Male,51667,6.339,false,Product
Ryan,Male,85858,19.475,false,Client Services
Sean,Male,131423,8.957,false,Distribution
Rose,Female,49538,9.828,false,Client Services
George,Male,50369,18.9,true,Sales
Arthur,Male,86615,3.412,true,Business Development
Irene,,135369,4.38,false,Business Development
Deborah,Female,60003,9.624,false,Client Services
,Female,95866,19.388,,Sales
Judith,Female,109324,19.488,false,Distribution
Philip,Male,103557,16.014,true,Business Development
Jeffrey,Male,111376,2.673,true,Business Development
Theresa,Female,75661,1.079,true,Legal
Nancy,Female,85213,2.386,true,Marketing
Harold,Male,140444,3.771,false,Distribution
Bonnie,Female,90427,2.01,true,Client Services
Doris,Female,141439,3.799,false,Business Development
Samuel,Male,43694,3.787,true,Engineering
Alice,Female,131952,12.09,false,Engineering
Maria,Female,96250,10.056,false,Business Development
Aaron,,63126,18.424,false,Client Services
Mark,,44836,2.657,false,Client Services
Ralph,,70635,2.147,false,Client Services
Andrew,Male,137386,8.611,true,Distribution
William,Male,104840,15.653,true,Engineering
Lori,Female,75498,6.537,true,Marketing
Wayne,Male,67471,2.728,false,Engineering
Kenneth,Male,101914,1.905,true,Distribution
Gerald,,93712,17.426,true,Distribution
,Female,133472,16.941,,Distribution
,Male,107351,5.329,,Marketing
Ashley,Female,142410,11.048,true,Engineering
Scott,Male,37385,8.226,true,Business Development
Paula,Female,58423,10.833,false,Business Development
,Female,143638,9.662,,
Teresa,Female,113425,11.907,true,Human Resources
Randy,Male,57266,14.077,false,Product
Joe,Male,119667,1.148,true,Finance
Sarah,Female,127118,11.176,false,Legal
Beverly,Female,80838,8.115,false,Engineering
Jeffrey,Male,70990,15.901,true,Sales
Gloria,Female,39833,9.631,false,Engineering
Albert,Male,45094,5.85,true,Business Development
Stephen,Male,93997,18.093,true,Business Development
Antonio,,103050,3.05,false,Legal
Jonathan,Male,121797,16.923,false,Product
Ann,Female,89443,17.94,true,Sales
Bruce,Male,35802,12.391,true,Sales
Catherine,Female,68164,18.393,false,Client Services
Louis,Male,93022,9.146,true,Human Resources
Thomas,Male,105681,19.572,false,Engineering
Louise,Female,43050,11.671,false,Distribution
Linda,Female,44486,17.308,true,Engineering
Alice,Female,63571,15.397,true,Product
Patrick,Male,75423,5.368,true,Business Development
Victor,,76381,11.159,true,Sales
Russell,Male,137359,11.105,false,Business Development
Harry,Male,67656,16.455,true,Client Services
Susan,Female,92436,12.467,false,Sales
Denise,Female,137954,4.195,true,Legal
Sarah,Female,124566,5.949,false,Product
Sean,Male,66146,11.178,false,Human Resources
Ernest,Male,142935,13.198,true,Product
Kimberly,Female,46233,8.862,true,Engineering
James,Male,148985,19.28,false,Legal
Rose,Female,91411,8.639,true,Human Resources
John,Male,146907,11.738,false,Engineering
Maria,Female,43455,13.04,false,Engineering
Stephen,,85668,1.909,false,Legal
Donna,Female,82871,17.999,false,Marketing
Gloria,Female,136709,10.331,true,Finance
Alice,Female,47638,11.209,false,Human Resources
Justin,,38344,3.794,false,Legal
Robin,Female,100765,10.982,true,Client Services
Rose,Female,134505,11.051,true,Marketing
Anthony,Male,112769,11.625,true,Finance
Tina,Female,56450,19.04,true,Engineering
George,Male,98874,4.479,true,Marketing
Henry,,132483,16.655,false,Distribution
Phillip,Male,42392,19.675,false,Finance
Russell,Male,96914,1.421,false,Product
Larry,Male,60500,11.985,false,Business Development
Albert,Male,129949,10.169,true,Sales
